{"cameraMode":{"drawMode":0,"name":"Shaded","section":"Shading Mode"},"sceneLighting":false,"audioPlay":false,"sceneViewState":{"m_AlwaysRefresh":false,"showFog":true,"showSkybox":false,"showFlares":true,"showImageEffects":true,"showParticleSystems":true,"showVisualEffectGraphs":true,"m_FxEnabled":true},"in2DMode":false,"pivot":{"x":5.043095588684082,"y":2.242227554321289,"z":-9.694759368896485},"rotation":{"x":-0.006705672014504671,"y":-0.23828274011611939,"z":0.001621627015992999,"w":-0.9712000489234924},"size":1.8601138591766358,"orthographic":false}