{"cameraMode":{"drawMode":0,"name":"Shaded","section":"Shading Mode"},"sceneLighting":false,"audioPlay":false,"sceneViewState":{"m_AlwaysRefresh":false,"showFog":true,"showSkybox":false,"showFlares":true,"showImageEffects":true,"showParticleSystems":true,"showVisualEffectGraphs":true,"m_FxEnabled":true},"in2DMode":false,"pivot":{"x":1.0490000247955323,"y":0.5109999775886536,"z":0.42799997329711916},"rotation":{"x":0.09040506929159165,"y":0.899325966835022,"z":-0.22236379981040955,"w":0.36558425426483157},"size":0.3353379964828491,"orthographic":false}